Model,Accuracy
LogReg + BoW,0.7254177660510114
LogReg + TFIDF,0.7678100263852242
LogReg + W2V,0.7306948109058927
BiLSTM + Word2Vec,0.7014072119613016
